{"stats":{"minecraft:used":{"minecraft:cooked_mutton":1,"farmersdelight:tomato_crate":1,"minecraft:stone_pickaxe":65,"minecraft:oak_planks":2,"minecraft:wooden_pickaxe":8,"minecraft:green_bed":3,"minecraft:crafting_table":1,"minecraft:blast_furnace":1,"farmersdelight:cod_roll":1,"minecraft:stone_axe":16,"minecraft:wooden_sword":12,"minecraft:furnace":2,"minecraft:cooked_rabbit":1},"minecraft:mined":{"farmersdelight:tomato_crate":1,"minecraft:crafting_table":1,"minecraft:blast_furnace":2,"minecraft:grass_block":2,"minecraft:gray_stained_glass":1,"minecraft:tall_grass":1,"minecraft:oak_planks":2,"minecraft:wall_torch":4,"minecraft:furnace":3,"minecraft:iron_ore":23,"minecraft:gray_bed":1,"minecraft:grass":13,"minecraft:oak_log":11,"minecraft:coal_ore":15,"minecraft:dirt":4,"regions_unexplored:medium_grass":9,"minecraft:stone":28,"minecraft:fern":5,"minecraft:green_bed":4},"minecraft:dropped":{"minecraft:bowl":1,"minecraft:bone":2},"minecraft:crafted":{"minecraft:wooden_sword":1,"minecraft:oak_planks":28,"minecraft:crafting_table":1,"minecraft:wooden_pickaxe":1,"minecraft:furnace":1,"minecraft:stone_axe":1,"minecraft:cooked_mutton":1,"minecraft:air":0,"minecraft:stick":6,"minecraft:iron_ingot":13,"minecraft:stone_pickaxe":1,"minecraft:cooked_rabbit":1},"minecraft:picked_up":{"minecraft:crafting_table":1,"minecraft:oak_log":11,"bewitchment:aconite_seeds":1,"minecraft:dirt":6,"minecraft:bone":2,"minecraft:wheat_seeds":1,"bewitchment:mandrake_seeds":1,"minecraft:iron_ingot":10,"minecraft:rabbit":1,"twigs:twig":1,"minecraft:gray_bed":1,"minecraft:oak_planks":19,"minecraft:furnace":3,"minecraft:stick":4,"minecraft:raw_iron":23,"minecraft:green_bed":4,"minecraft:torch":4,"minecraft:bowl":1,"minecraft:blast_furnace":2,"farmersdelight:tomato_crate":1,"minecraft:rotten_flesh":1,"minecraft:mutton":1,"minecraft:coal":27,"minecraft:white_wool":1,"minecraft:cobblestone":28},"minecraft:killed":{"minecraft:creeper":1,"minecraft:sheep":1,"minecraft:zombie":1,"minecraft:player":2},"minecraft:custom":{"lootr:looted_stat":2,"minecraft:interact_with_furnace":4,"minecraft:mob_kills":3,"minecraft:interact_with_crafting_table":12,"minecraft:leave_game":5,"minecraft:time_since_death":45956,"minecraft:sleep_in_bed":3,"minecraft:climb_one_cm":94,"minecraft:time_since_rest":9924,"minecraft:sprint_one_cm":71601,"minecraft:damage_taken":35,"minecraft:walk_one_cm":143125,"minecraft:drop":3,"minecraft:damage_dealt":1049,"minecraft:talked_to_villager":1,"minecraft:fly_one_cm":31246,"minecraft:player_kills":2,"minecraft:crouch_one_cm":323,"minecraft:play_time":45956,"minecraft:sneak_time":117,"minecraft:jump":465,"minecraft:interact_with_blast_furnace":3,"minecraft:total_world_time":45956,"minecraft:fall_one_cm":3402}},"DataVersion":3465}