{"stats":{"minecraft:used":{"minecraft:wooden_sword":8,"minecraft:crafting_table":1,"minecraft:wooden_pickaxe":2},"minecraft:mined":{"minecraft:grass":2,"minecraft:grass_block":2,"minecraft:oak_log":7,"minecraft:dirt":4,"minecraft:stone":2},"minecraft:crafted":{"minecraft:wooden_sword":1,"minecraft:oak_planks":28,"minecraft:crafting_table":1,"minecraft:wooden_pickaxe":1},"minecraft:picked_up":{"minecraft:stick":4,"minecraft:rotten_flesh":1,"minecraft:oak_log":7,"minecraft:rabbit":1,"minecraft:dirt":6,"minecraft:cobblestone":1},"minecraft:killed":{"minecraft:zombie":1},"minecraft:custom":{"minecraft:time_since_rest":4900,"minecraft:play_time":4900,"minecraft:sprint_one_cm":7002,"minecraft:damage_taken":25,"minecraft:walk_one_cm":12129,"minecraft:mob_kills":1,"minecraft:jump":21,"minecraft:damage_dealt":202,"minecraft:leave_game":1,"minecraft:time_since_death":4900,"minecraft:total_world_time":4900,"minecraft:interact_with_crafting_table":4,"minecraft:fly_one_cm":2649}},"DataVersion":3465}