{"stats":{"minecraft:used":{"minecraft:stone_pickaxe":22,"minecraft:oak_planks":2,"minecraft:wooden_pickaxe":8,"minecraft:stone_axe":15,"minecraft:wooden_sword":12,"minecraft:crafting_table":1,"minecraft:furnace":1,"minecraft:cooked_rabbit":1},"minecraft:mined":{"minecraft:furnace":1,"minecraft:crafting_table":1,"minecraft:grass":8,"minecraft:grass_block":2,"minecraft:oak_log":11,"minecraft:dirt":4,"regions_unexplored:medium_grass":8,"minecraft:stone":27,"minecraft:oak_planks":2},"minecraft:crafted":{"minecraft:wooden_sword":1,"minecraft:oak_planks":28,"minecraft:crafting_table":1,"minecraft:stick":6,"minecraft:wooden_pickaxe":1,"minecraft:stone_pickaxe":1,"minecraft:furnace":1,"minecraft:stone_axe":1,"minecraft:cooked_rabbit":1,"minecraft:air":0},"minecraft:picked_up":{"minecraft:stick":4,"minecraft:crafting_table":1,"minecraft:oak_log":11,"minecraft:dirt":6,"minecraft:rotten_flesh":1,"minecraft:wheat_seeds":1,"bewitchment:mandrake_seeds":1,"minecraft:rabbit":1,"twigs:twig":1,"minecraft:oak_planks":4,"minecraft:cobblestone":27,"minecraft:furnace":1},"minecraft:killed":{"minecraft:zombie":1,"minecraft:player":2,"minecraft:creeper":1},"minecraft:custom":{"minecraft:time_since_rest":17324,"minecraft:interact_with_furnace":2,"minecraft:sprint_one_cm":25182,"minecraft:damage_taken":25,"minecraft:walk_one_cm":49200,"minecraft:mob_kills":2,"minecraft:damage_dealt":969,"minecraft:interact_with_crafting_table":12,"minecraft:talked_to_villager":1,"minecraft:player_kills":2,"minecraft:fly_one_cm":9025,"minecraft:crouch_one_cm":104,"minecraft:play_time":17324,"minecraft:sneak_time":29,"minecraft:jump":141,"minecraft:leave_game":2,"minecraft:time_since_death":17324,"minecraft:total_world_time":17324,"minecraft:fall_one_cm":209}},"DataVersion":3465}