{"stats":{"minecraft:used":{"minecraft:calcite":1,"minecraft:cooked_mutton":1,"minecraft:trident":11,"farmersdelight:tomato_crate":1,"minecraft:stone_pickaxe":65,"minecraft:oak_planks":2,"regions_unexplored:peat_dirt":4,"minecraft:wooden_pickaxe":8,"minecraft:green_bed":3,"minecraft:torch":1,"simplyswords:gold_claymore":39,"minecraft:stripped_dark_oak_log":1,"minecraft:crafting_table":1,"minecraft:blast_furnace":1,"farmersdelight:cod_roll":1,"perfectplushies:robin_plushie":2,"minecraft:apple":8,"perfectplushies:reindeer_plushie":1,"minecraft:iron_axe":16,"minecraft:bread":14,"minecraft:iron_pickaxe":5,"perfectplushies:hippo_plushie":1,"minecraft:stone_axe":17,"minecraft:wooden_sword":12,"minecraft:cobblestone":12,"minecraft:furnace":2,"minecraft:cooked_rabbit":1,"perfectplushies:red_fox_plushie":3},"minecraft:mined":{"minecraft:stripped_dark_oak_log":1,"farmersdelight:tomato_crate":1,"perfectplushies:robin_plushie":1,"minecraft:crafting_table":1,"minecraft:calcite":1,"minecraft:blast_furnace":2,"regions_unexplored:peat_grass_block":2,"minecraft:grass_block":2,"minecraft:gray_stained_glass":1,"twigs:twig":1,"minecraft:tall_grass":2,"minecraft:moss_block":1,"minecraft:oak_planks":2,"minecraft:wall_torch":4,"modern_industrialization:deepslate_lignite_coal_ore":1,"minecraft:large_fern":2,"minecraft:furnace":3,"perfectplushies:red_fox_plushie":2,"minecraft:iron_ore":23,"minecraft:gray_bed":1,"minecraft:yellow_stained_glass_pane":2,"minecraft:grass":16,"minecraft:oak_log":11,"minecraft:coal_ore":15,"regions_unexplored:peat_dirt":2,"minecraft:dirt":4,"regions_unexplored:medium_grass":13,"regions_unexplored:blackwood_leaves":6,"minecraft:deepslate":2,"minecraft:stone":28,"minecraft:emerald_block":1,"minecraft:fern":6,"minecraft:green_bed":4},"minecraft:dropped":{"minecraft:moss_block":1,"minecraft:wheat_seeds":1,"minecraft:bowl":1,"minecraft:rotten_flesh":1,"minecraft:stick":3,"bewitchment:aconite_seeds":1,"minecraft:dirt":6,"bewitchment:mandrake_seeds":1,"minecraft:wooden_sword":1,"minecraft:bow":1,"minecraft:wooden_pickaxe":1,"minecraft:white_wool":1,"twigs:twig":1,"minecraft:bone":2},"minecraft:crafted":{"minecraft:wooden_sword":1,"minecraft:oak_planks":28,"minecraft:crafting_table":1,"minecraft:wooden_pickaxe":1,"minecraft:furnace":1,"minecraft:stone_axe":1,"minecraft:cooked_mutton":1,"minecraft:air":0,"minecraft:stick":6,"minecraft:iron_ingot":13,"minecraft:stone_pickaxe":1,"minecraft:cooked_rabbit":1},"minecraft:picked_up":{"regions_unexplored:peat_dirt":4,"minecraft:crafting_table":1,"minecraft:oak_log":11,"perfectplushies:robin_plushie":1,"minecraft:string":1,"bewitchment:aconite_seeds":1,"minecraft:dirt":6,"perfectplushies:hippo_plushie":1,"minecraft:bone":7,"minecraft:bow":1,"minecraft:wheat_seeds":1,"bewitchment:mandrake_seeds":1,"minecraft:iron_ingot":32,"minecraft:calcite":1,"minecraft:rabbit":1,"minecraft:moss_block":1,"twigs:twig":2,"minecraft:gray_bed":1,"minecraft:oak_planks":19,"minecraft:iron_boots":2,"minecraft:furnace":3,"minecraft:stick":4,"minecraft:raw_iron":23,"minecraft:emerald_block":1,"perfectplushies:red_fox_plushie":3,"minecraft:green_bed":4,"minecraft:torch":4,"minecraft:bowl":1,"minecraft:blast_furnace":2,"farmersdelight:tomato_crate":1,"minecraft:arrow":3,"minecraft:rotten_flesh":4,"minecraft:stripped_dark_oak_log":1,"minecraft:mutton":1,"minecraft:coal":27,"minecraft:white_wool":1,"minecraft:cobblestone":28},"minecraft:killed":{"minecraft:spider":3,"minecraft:creeper":1,"minecraft:skeleton":2,"minecraft:sheep":1,"minecraft:zombie":5,"minecraft:player":2},"minecraft:custom":{"lootr:looted_stat":34,"minecraft:interact_with_furnace":4,"minecraft:inspect_dropper":1,"minecraft:mob_kills":12,"minecraft:interact_with_crafting_table":12,"minecraft:open_barrel":1,"minecraft:bell_ring":1,"minecraft:pot_flower":1,"minecraft:damage_dealt_resisted":0,"minecraft:leave_game":6,"minecraft:time_since_death":80868,"minecraft:sleep_in_bed":3,"minecraft:climb_one_cm":4727,"minecraft:time_since_rest":44836,"minecraft:damage_absorbed":135,"minecraft:sprint_one_cm":150859,"minecraft:damage_taken":912,"minecraft:walk_one_cm":242203,"minecraft:damage_blocked_by_shield":5977,"minecraft:drop":15,"minecraft:damage_dealt":3008,"minecraft:swim_one_cm":4998,"minecraft:talked_to_villager":1,"minecraft:fly_one_cm":104393,"minecraft:player_kills":2,"minecraft:crouch_one_cm":1090,"minecraft:play_time":80868,"minecraft:sneak_time":1208,"minecraft:walk_under_water_one_cm":1350,"minecraft:jump":676,"minecraft:interact_with_brewingstand":1,"minecraft:interact_with_blast_furnace":3,"minecraft:walk_on_water_one_cm":4924,"minecraft:total_world_time":80868,"minecraft:inspect_dispenser":3,"minecraft:fall_one_cm":13497}},"DataVersion":3465}