{"stats":{"minecraft:used":{"minecraft:stone_pickaxe":34,"minecraft:oak_planks":2,"minecraft:wooden_pickaxe":8,"minecraft:stone_axe":15,"minecraft:wooden_sword":12,"minecraft:crafting_table":1,"minecraft:furnace":1,"minecraft:cooked_rabbit":1},"minecraft:mined":{"minecraft:furnace":2,"minecraft:iron_ore":10,"minecraft:crafting_table":1,"minecraft:grass":13,"minecraft:grass_block":2,"minecraft:oak_log":11,"minecraft:dirt":4,"regions_unexplored:medium_grass":9,"minecraft:stone":28,"minecraft:oak_planks":2,"minecraft:wall_torch":4,"minecraft:green_bed":1,"minecraft:fern":3},"minecraft:crafted":{"minecraft:wooden_sword":1,"minecraft:oak_planks":28,"minecraft:crafting_table":1,"minecraft:stick":6,"minecraft:wooden_pickaxe":1,"minecraft:stone_pickaxe":1,"minecraft:furnace":1,"minecraft:stone_axe":1,"minecraft:cooked_rabbit":1,"minecraft:air":0},"minecraft:picked_up":{"minecraft:raw_iron":10,"minecraft:stick":4,"minecraft:crafting_table":1,"minecraft:torch":4,"minecraft:green_bed":1,"minecraft:oak_log":11,"minecraft:dirt":6,"minecraft:rotten_flesh":1,"minecraft:wheat_seeds":1,"bewitchment:mandrake_seeds":1,"minecraft:rabbit":1,"twigs:twig":1,"minecraft:oak_planks":4,"minecraft:cobblestone":28,"minecraft:furnace":2},"minecraft:killed":{"minecraft:zombie":1,"minecraft:player":2,"minecraft:creeper":1},"minecraft:custom":{"minecraft:time_since_rest":7516,"minecraft:interact_with_furnace":2,"minecraft:sprint_one_cm":51533,"minecraft:damage_taken":35,"minecraft:walk_one_cm":79310,"minecraft:mob_kills":2,"minecraft:damage_dealt":969,"minecraft:talked_to_villager":1,"minecraft:interact_with_crafting_table":12,"minecraft:fly_one_cm":19361,"minecraft:player_kills":2,"minecraft:crouch_one_cm":319,"minecraft:play_time":28618,"minecraft:sneak_time":80,"minecraft:jump":276,"minecraft:leave_game":3,"minecraft:time_since_death":28618,"minecraft:sleep_in_bed":2,"minecraft:total_world_time":28618,"minecraft:fall_one_cm":1701}},"DataVersion":3465}