{"stats":{"minecraft:used":{"minecraft:cooked_mutton":1,"farmersdelight:tomato_crate":1,"minecraft:stone_pickaxe":65,"minecraft:oak_planks":2,"minecraft:wooden_pickaxe":8,"minecraft:green_bed":3,"simplyswords:gold_claymore":39,"minecraft:crafting_table":1,"minecraft:blast_furnace":1,"farmersdelight:cod_roll":1,"minecraft:apple":4,"minecraft:bread":4,"minecraft:iron_pickaxe":1,"minecraft:stone_axe":17,"minecraft:wooden_sword":12,"minecraft:cobblestone":9,"minecraft:furnace":2,"minecraft:cooked_rabbit":1},"minecraft:mined":{"minecraft:stripped_dark_oak_log":1,"farmersdelight:tomato_crate":1,"minecraft:crafting_table":1,"minecraft:blast_furnace":2,"minecraft:grass_block":2,"minecraft:gray_stained_glass":1,"minecraft:tall_grass":2,"minecraft:moss_block":1,"minecraft:oak_planks":2,"minecraft:wall_torch":4,"minecraft:large_fern":1,"minecraft:furnace":3,"minecraft:iron_ore":23,"minecraft:gray_bed":1,"minecraft:grass":16,"minecraft:oak_log":11,"minecraft:coal_ore":15,"minecraft:dirt":4,"regions_unexplored:medium_grass":12,"minecraft:stone":28,"minecraft:emerald_block":1,"minecraft:fern":6,"minecraft:green_bed":4},"minecraft:dropped":{"minecraft:moss_block":1,"minecraft:wheat_seeds":1,"minecraft:bowl":1,"minecraft:rotten_flesh":1,"minecraft:stick":3,"bewitchment:aconite_seeds":1,"minecraft:dirt":6,"bewitchment:mandrake_seeds":1,"minecraft:wooden_sword":1,"minecraft:bow":1,"minecraft:wooden_pickaxe":1,"minecraft:white_wool":1,"minecraft:bone":2},"minecraft:crafted":{"minecraft:wooden_sword":1,"minecraft:oak_planks":28,"minecraft:crafting_table":1,"minecraft:wooden_pickaxe":1,"minecraft:furnace":1,"minecraft:stone_axe":1,"minecraft:cooked_mutton":1,"minecraft:air":0,"minecraft:stick":6,"minecraft:iron_ingot":13,"minecraft:stone_pickaxe":1,"minecraft:cooked_rabbit":1},"minecraft:picked_up":{"minecraft:crafting_table":1,"minecraft:oak_log":11,"minecraft:string":1,"bewitchment:aconite_seeds":1,"minecraft:dirt":6,"minecraft:bone":3,"minecraft:bow":1,"minecraft:wheat_seeds":1,"bewitchment:mandrake_seeds":1,"minecraft:iron_ingot":10,"minecraft:rabbit":1,"minecraft:moss_block":1,"twigs:twig":1,"minecraft:gray_bed":1,"minecraft:oak_planks":19,"minecraft:furnace":3,"minecraft:stick":4,"minecraft:raw_iron":23,"minecraft:emerald_block":1,"minecraft:green_bed":4,"minecraft:torch":4,"minecraft:bowl":1,"minecraft:blast_furnace":2,"farmersdelight:tomato_crate":1,"minecraft:rotten_flesh":1,"minecraft:stripped_dark_oak_log":1,"minecraft:mutton":1,"minecraft:coal":27,"minecraft:white_wool":1,"minecraft:cobblestone":28},"minecraft:killed":{"minecraft:spider":1,"minecraft:creeper":1,"minecraft:skeleton":1,"minecraft:sheep":1,"minecraft:zombie":3,"minecraft:player":2},"minecraft:custom":{"lootr:looted_stat":10,"minecraft:interact_with_furnace":4,"minecraft:inspect_dropper":1,"minecraft:mob_kills":7,"minecraft:interact_with_crafting_table":12,"minecraft:open_barrel":1,"minecraft:pot_flower":1,"minecraft:damage_dealt_resisted":0,"minecraft:leave_game":5,"minecraft:time_since_death":57956,"minecraft:sleep_in_bed":3,"minecraft:climb_one_cm":94,"minecraft:time_since_rest":21924,"minecraft:sprint_one_cm":127330,"minecraft:damage_taken":353,"minecraft:walk_one_cm":191152,"minecraft:drop":14,"minecraft:damage_dealt":2248,"minecraft:swim_one_cm":523,"minecraft:talked_to_villager":1,"minecraft:fly_one_cm":53136,"minecraft:player_kills":2,"minecraft:crouch_one_cm":973,"minecraft:play_time":57956,"minecraft:sneak_time":419,"minecraft:walk_under_water_one_cm":127,"minecraft:jump":596,"minecraft:interact_with_brewingstand":1,"minecraft:interact_with_blast_furnace":3,"minecraft:walk_on_water_one_cm":1139,"minecraft:total_world_time":57956,"minecraft:inspect_dispenser":3,"minecraft:fall_one_cm":10357}},"DataVersion":3465}