{"stats":{"minecraft:broken":{"minecraft:iron_pickaxe":1,"minecraft:wooden_axe":2,"minecraft:wooden_pickaxe":1},"minecraft:used":{"minecraft:wooden_pickaxe":60,"minecraft:torch":11,"minecraft:crafting_table":2,"minecraft:oak_log":3,"minecraft:wooden_axe":77,"minecraft:iron_axe":30,"minecraft:iron_pickaxe":250,"minecraft:wooden_sword":5,"minecraft:cobblestone":1},"minecraft:mined":{"create:zinc_ore":16,"iceandfire:silver_ore":1,"regions_unexplored:maple_log":15,"minecraft:granite":13,"modern_industrialization:lead_ore":9,"modern_industrialization:nickel_ore":1,"modern_industrialization:lignite_coal_ore":31,"blockus:marble":1,"minecraft:lapis_ore":2,"minecraft:diorite":5,"techreborn:silver_ore":5,"minecraft:iron_ore":9,"modern_industrialization:antimony_ore":2,"minecraft:andesite":14,"minecraft:moss_carpet":1,"minecraft:grass":5,"minecraft:oak_log":26,"minecraft:coal_ore":40,"minecraft:dirt":5,"powah:uraninite_ore_poor":3,"modern_industrialization:tin_ore":4,"regions_unexplored:medium_grass":5,"minecraft:stone":146,"minecraft:oak_leaves":3},"minecraft:killed_by":{"minecraft:player":2,"minecraft:zombie":3,"minecells:leaping_zombie":1},"minecraft:dropped":{"minecraft:wheat_seeds":2,"minecraft:oak_log":2,"minecraft:cobblestone":98,"minecraft:rotten_flesh":5,"regions_unexplored:maple_sapling":2,"minecraft:granite":15,"minecraft:diorite":5,"blockus:marble":1,"minecraft:gold_nugget":1,"minecraft:paper":2,"twigs:twig":5},"minecraft:crafted":{"minecraft:oak_planks":92,"minecraft:crafting_table":2,"minecraft:wooden_pickaxe":1,"minecraft:air":0,"minecraft:iron_axe":1,"minecraft:stick":4,"minecraft:iron_ingot":10,"minecraft:iron_pickaxe":2,"minecraft:wooden_axe":2,"minecraft:torch":16},"minecraft:picked_up":{"modern_industrialization:lignite_coal":31,"modern_industrialization:raw_antimony":1,"create:raw_zinc":16,"minecraft:oak_log":28,"minecraft:lapis_lazuli":15,"minecraft:paper":1,"minecraft:moss_carpet":4,"blockus:marble":1,"minecraft:apple":1,"minecraft:wheat_seeds":2,"twigs:twig":10,"minecells:guts":1,"minecraft:stick":12,"minecraft:raw_iron":10,"modern_industrialization:raw_silver":5,"powah:uraninite_raw":3,"minecraft:diorite":5,"minecraft:rotten_flesh":5,"modern_industrialization:raw_nickel":1,"regions_unexplored:maple_sapling":2,"minecraft:granite":15,"regions_unexplored:maple_log":15,"modern_industrialization:raw_lead":9,"minecraft:oak_sapling":2,"minecraft:coal":40,"modern_industrialization:raw_tin":4,"minecraft:cobblestone":163},"minecraft:killed":{"minecraft:zombie":1},"minecraft:custom":{"minecraft:interact_with_furnace":6,"lootr:looted_stat":11,"minecraft:interact_with_anvil":1,"minecraft:mob_kills":1,"minecraft:interact_with_crafting_table":5,"minecraft:damage_dealt_resisted":0,"minecraft:leave_game":2,"minecraft:time_since_death":18449,"minecraft:time_since_rest":18479,"minecraft:sprint_one_cm":108145,"minecraft:damage_taken":2027,"minecraft:walk_one_cm":58667,"minecraft:drop":18,"minecraft:damage_dealt":347,"minecraft:talked_to_villager":25,"minecraft:fly_one_cm":96397,"minecraft:crouch_one_cm":4272,"minecraft:play_time":38470,"minecraft:deaths":8,"minecraft:sneak_time":1677,"minecraft:jump":451,"minecraft:total_world_time":38470,"minecraft:fall_one_cm":10904}},"DataVersion":3465}