{"stats":{"minecraft:broken":{"minecraft:wooden_axe":2,"minecraft:wooden_pickaxe":1},"minecraft:used":{"minecraft:oak_log":3,"minecraft:wooden_axe":77,"minecraft:iron_axe":30,"minecraft:wooden_pickaxe":60,"minecraft:wooden_sword":5,"minecraft:crafting_table":1},"minecraft:mined":{"regions_unexplored:maple_log":15,"minecraft:moss_carpet":1,"minecraft:grass":5,"minecraft:oak_log":26,"regions_unexplored:medium_grass":5,"minecraft:stone":57,"minecraft:oak_leaves":3},"minecraft:killed_by":{"minecraft:zombie":3},"minecraft:dropped":{"minecraft:wheat_seeds":1,"minecraft:rotten_flesh":1},"minecraft:crafted":{"minecraft:oak_planks":84,"minecraft:crafting_table":1,"minecraft:stick":4,"minecraft:wooden_pickaxe":1,"minecraft:wooden_axe":2},"minecraft:picked_up":{"minecraft:stick":12,"minecraft:oak_log":26,"minecraft:moss_carpet":4,"minecraft:rotten_flesh":3,"minecraft:apple":1,"regions_unexplored:maple_sapling":2,"minecraft:wheat_seeds":2,"regions_unexplored:maple_log":15,"minecraft:oak_sapling":2,"twigs:twig":5,"minecraft:cobblestone":57},"minecraft:killed":{"minecraft:zombie":1},"minecraft:custom":{"minecraft:time_since_rest":6576,"minecraft:sprint_one_cm":41793,"lootr:looted_stat":2,"minecraft:damage_taken":1013,"minecraft:walk_one_cm":26175,"minecraft:mob_kills":1,"minecraft:drop":2,"minecraft:damage_dealt":347,"minecraft:interact_with_crafting_table":3,"minecraft:fly_one_cm":41342,"minecraft:crouch_one_cm":1987,"minecraft:play_time":14569,"minecraft:deaths":5,"minecraft:sneak_time":507,"minecraft:jump":227,"minecraft:damage_dealt_resisted":0,"minecraft:leave_game":1,"minecraft:time_since_death":6537,"minecraft:total_world_time":14569,"minecraft:fall_one_cm":5104}},"DataVersion":3465}