{"stats":{"minecraft:broken":{"minecraft:iron_pickaxe":2,"minecraft:wooden_axe":2,"minecraft:wooden_pickaxe":1},"minecraft:used":{"minecraft:water_bucket":6,"minecraft:trident":3,"minecraft:iron_ore":28,"minecraft:baked_potato":1,"minecraft:oak_planks":7,"minecraft:wooden_pickaxe":60,"simplyswords:diamond_halberd":13,"minecraft:torch":25,"minecraft:crafting_table":2,"minecraft:cod":6,"minecraft:oak_log":3,"minecraft:wooden_axe":77,"minecraft:apple":1,"minecraft:iron_axe":73,"minecraft:iron_pickaxe":507,"minecraft:wooden_sword":5,"minecraft:cobblestone":14,"perfectplushies:gamerpotion_plushie":2,"minecraft:furnace":2,"archers:archer_armor_chest":1,"minecraft:bucket":7,"minecraft:pumpkin_pie":8,"minecraft:chest_minecart":1},"minecraft:mined":{"create:zinc_ore":17,"minecraft:brown_mushroom":1,"iceandfire:silver_ore":1,"minecraft:deepslate_diamond_ore":8,"regions_unexplored:maple_log":15,"minecraft:granite":23,"perfectplushies:gamerpotion_plushie":1,"modern_industrialization:uranium_ore":5,"modern_industrialization:lead_ore":12,"modern_industrialization:nickel_ore":18,"modern_industrialization:lignite_coal_ore":31,"minerally:lapis_pile_1":1,"blockus:marble":1,"minerally:lapis_pile":1,"minecraft:lapis_ore":2,"minecraft:diorite":15,"minecraft:spawner":9,"supplementaries:urn":13,"techreborn:silver_ore":5,"modern_industrialization:tungsten_ore":2,"minecraft:furnace":2,"minecraft:redstone_torch":1,"minecraft:iron_ore":124,"modern_industrialization:antimony_ore":2,"minecraft:andesite":15,"minecraft:moss_carpet":1,"minecraft:deepslate_lapis_ore":1,"minecraft:grass":6,"minecraft:oak_log":26,"minecraft:coal_ore":63,"minerally:lapis_pile_0":1,"minecraft:dirt":5,"powah:uraninite_ore_poor":5,"minecraft:smooth_basalt":2,"modern_industrialization:tin_ore":4,"regions_unexplored:medium_grass":5,"minecraft:stone":172,"minecraft:oak_leaves":3,"minecraft:deepslate":3},"minecraft:killed_by":{"minecraft:player":2,"minecraft:skeleton":1,"minecraft:zombie":3,"minecells:leaping_zombie":1},"minecraft:crafted":{"minecraft:oak_planks":92,"minecraft:crafting_table":2,"minecraft:wooden_pickaxe":1,"minecraft:iron_helmet":1,"minecraft:furnace":2,"minecraft:bucket":1,"minecraft:air":0,"minecraft:iron_boots":1,"minecraft:iron_chestplate":1,"minecraft:iron_axe":1,"minecraft:stick":36,"minecraft:iron_ingot":122,"minecraft:iron_pickaxe":3,"minecraft:wooden_axe":2,"minecraft:iron_leggings":1,"minecraft:torch":80},"minecraft:dropped":{"minecraft:iron_ingot":22,"minecraft:brown_mushroom":1,"minecraft:wheat_seeds":2,"minecraft:lapis_lazuli":24,"minecraft:oak_log":2,"minecraft:wheat":4,"minecraft:cobblestone":100,"minecraft:rotten_flesh":11,"minecraft:iron_boots":1,"regions_unexplored:maple_sapling":2,"minecraft:apple":2,"minecraft:granite":16,"minecraft:chainmail_helmet":1,"minecraft:chainmail_chestplate":1,"supplementaries:ash":16,"minecraft:shield":1,"minecraft:diorite":9,"minecraft:iron_chestplate":1,"minecraft:oak_sapling":2,"blockus:marble":1,"minecraft:chainmail_boots":1,"modern_industrialization:raw_uranium":5,"minecraft:arrow":4,"minecraft:chain":2,"minecraft:gold_nugget":1,"minecraft:paper":2,"minecraft:string":4,"modern_industrialization:raw_lead":12,"twigs:twig":10},"minecraft:picked_up":{"modern_industrialization:lignite_coal":31,"modern_industrialization:raw_antimony":1,"minecraft:brown_mushroom":1,"create:raw_zinc":17,"minecraft:oak_log":28,"minecraft:lapis_lazuli":24,"minecraft:string":4,"minecraft:paper":1,"minecraft:moss_carpet":4,"perfectplushies:gamerpotion_plushie":1,"minecraft:bone":2,"blockus:marble":1,"minecraft:apple":3,"minecraft:wheat_seeds":2,"modern_industrialization:raw_uranium":5,"minecraft:iron_nugget":23,"twigs:twig":10,"minecraft:furnace":2,"minecells:guts":1,"minecraft:stick":12,"minecraft:raw_iron":122,"industrialreborn:broken_spawner":9,"minecraft:torch":6,"modern_industrialization:raw_silver":5,"powah:uraninite_raw":5,"malum:encyclopedia_arcana":1,"minecraft:diorite":9,"minecraft:arrow":4,"minecraft:rotten_flesh":11,"modern_industrialization:raw_nickel":17,"minecraft:diamond":9,"regions_unexplored:maple_sapling":2,"minecraft:granite":16,"regions_unexplored:maple_log":15,"minecraft:emerald":19,"supplementaries:ash":16,"modern_industrialization:raw_lead":12,"minecraft:oak_sapling":2,"minecraft:coal":64,"modern_industrialization:raw_tin":4,"minecraft:cobblestone":165},"minecraft:killed":{"minecraft:spider":2,"minecraft:skeleton":9,"minecraft:zombie":5},"minecraft:custom":{"minecraft:interact_with_furnace":30,"lootr:looted_stat":39,"minecraft:interact_with_anvil":1,"minecraft:mob_kills":17,"minecraft:interact_with_crafting_table":10,"minecraft:damage_dealt_resisted":0,"minecraft:leave_game":2,"minecraft:time_since_death":35025,"minecraft:climb_one_cm":2514,"minecraft:damage_resisted":0,"minecraft:time_since_rest":35056,"minecraft:sprint_one_cm":254811,"minecraft:damage_taken":2714,"minecraft:walk_one_cm":128752,"minecraft:drop":46,"minecraft:damage_dealt":5172,"minecraft:swim_one_cm":9114,"minecraft:talked_to_villager":25,"minecraft:fly_one_cm":301387,"minecraft:crouch_one_cm":13450,"minecraft:play_time":86470,"minecraft:deaths":9,"minecraft:walk_under_water_one_cm":2684,"minecraft:sneak_time":4538,"minecraft:jump":1438,"minecraft:walk_on_water_one_cm":32046,"minecraft:total_world_time":86470,"minecraft:fall_one_cm":39830}},"DataVersion":3465}