{"stats":{"minecraft:broken":{"minecraft:wooden_axe":2,"minecraft:wooden_pickaxe":1},"minecraft:used":{"minecraft:oak_log":3,"minecraft:wooden_axe":77,"minecraft:iron_axe":30,"minecraft:iron_pickaxe":175,"minecraft:wooden_pickaxe":60,"minecraft:torch":5,"minecraft:wooden_sword":5,"minecraft:crafting_table":1},"minecraft:mined":{"create:zinc_ore":11,"techreborn:silver_ore":5,"regions_unexplored:maple_log":15,"minecraft:moss_carpet":1,"minecraft:granite":10,"minecraft:grass":5,"minecraft:coal_ore":40,"minecraft:oak_log":26,"modern_industrialization:lead_ore":9,"minecraft:dirt":5,"modern_industrialization:lignite_coal_ore":6,"regions_unexplored:medium_grass":5,"blockus:marble":1,"minecraft:lapis_ore":2,"minecraft:stone":138,"minecraft:diorite":5,"minecraft:oak_leaves":3},"minecraft:killed_by":{"minecraft:player":2,"minecraft:zombie":3,"minecells:leaping_zombie":1},"minecraft:dropped":{"minecraft:wheat_seeds":1,"minecraft:rotten_flesh":1},"minecraft:crafted":{"minecraft:oak_planks":84,"minecraft:crafting_table":1,"minecraft:stick":4,"minecraft:wooden_pickaxe":1,"minecraft:iron_pickaxe":1,"minecraft:wooden_axe":2,"minecraft:torch":16},"minecraft:picked_up":{"minecells:guts":1,"minecraft:stick":12,"modern_industrialization:raw_silver":5,"create:raw_zinc":11,"minecraft:oak_log":26,"minecraft:diorite":5,"minecraft:lapis_lazuli":15,"minecraft:moss_carpet":4,"blockus:marble":1,"minecraft:rotten_flesh":5,"minecraft:apple":1,"regions_unexplored:maple_sapling":2,"minecraft:wheat_seeds":2,"minecraft:granite":10,"regions_unexplored:maple_log":15,"modern_industrialization:raw_lead":9,"minecraft:oak_sapling":2,"twigs:twig":5,"minecraft:coal":40,"minecraft:cobblestone":138},"minecraft:killed":{"minecraft:zombie":1},"minecraft:custom":{"minecraft:time_since_rest":6578,"minecraft:sprint_one_cm":83583,"lootr:looted_stat":5,"minecraft:damage_taken":2027,"minecraft:walk_one_cm":46294,"minecraft:mob_kills":1,"minecraft:drop":2,"minecraft:damage_dealt":347,"minecraft:talked_to_villager":25,"minecraft:interact_with_crafting_table":4,"minecraft:fly_one_cm":86443,"minecraft:crouch_one_cm":2237,"minecraft:play_time":26569,"minecraft:deaths":8,"minecraft:sneak_time":667,"minecraft:jump":387,"minecraft:damage_dealt_resisted":0,"minecraft:leave_game":1,"minecraft:time_since_death":6548,"minecraft:total_world_time":26569,"minecraft:fall_one_cm":10695}},"DataVersion":3465}