{"stats":{"minecraft:used":{"minecraft:wooden_sword":5,"minecraft:iron_axe":3},"minecraft:killed_by":{"minecraft:zombie":2},"minecraft:custom":{"minecraft:jump":26,"minecraft:time_since_rest":569,"minecraft:crouch_one_cm":3,"minecraft:damage_dealt":28,"minecraft:sprint_one_cm":2095,"minecraft:deaths":2,"minecraft:leave_game":1,"minecraft:play_time":2569,"minecraft:damage_taken":635,"minecraft:time_since_death":531,"minecraft:walk_one_cm":2488,"minecraft:sneak_time":13,"minecraft:total_world_time":2569,"minecraft:fall_one_cm":1224,"minecraft:fly_one_cm":10701,"minecraft:damage_dealt_resisted":0}},"DataVersion":3465}