{"stats":{"minecraft:broken":{"minecraft:iron_pickaxe":1,"minecraft:wooden_axe":2,"minecraft:wooden_pickaxe":1},"minecraft:used":{"minecraft:wooden_pickaxe":60,"minecraft:torch":13,"minecraft:crafting_table":2,"minecraft:cod":6,"minecraft:oak_log":3,"minecraft:wooden_axe":77,"minecraft:iron_axe":30,"minecraft:iron_pickaxe":356,"minecraft:wooden_sword":5,"minecraft:cobblestone":1},"minecraft:mined":{"create:zinc_ore":17,"iceandfire:silver_ore":1,"minecraft:deepslate_diamond_ore":8,"regions_unexplored:maple_log":15,"minecraft:granite":23,"modern_industrialization:uranium_ore":5,"modern_industrialization:lead_ore":12,"modern_industrialization:nickel_ore":18,"modern_industrialization:lignite_coal_ore":31,"minerally:lapis_pile_1":1,"blockus:marble":1,"minerally:lapis_pile":1,"minecraft:lapis_ore":2,"minecraft:diorite":15,"supplementaries:urn":3,"techreborn:silver_ore":5,"modern_industrialization:tungsten_ore":2,"minecraft:iron_ore":22,"modern_industrialization:antimony_ore":2,"minecraft:andesite":15,"minecraft:moss_carpet":1,"minecraft:deepslate_lapis_ore":1,"minecraft:grass":5,"minecraft:oak_log":26,"minecraft:coal_ore":40,"minerally:lapis_pile_0":1,"minecraft:dirt":5,"powah:uraninite_ore_poor":5,"modern_industrialization:tin_ore":4,"regions_unexplored:medium_grass":5,"minecraft:stone":170,"minecraft:oak_leaves":3,"minecraft:deepslate":1},"minecraft:killed_by":{"minecraft:player":2,"minecraft:zombie":3,"minecells:leaping_zombie":1},"minecraft:dropped":{"minecraft:wheat_seeds":2,"minecraft:oak_log":2,"minecraft:wheat":4,"minecraft:cobblestone":100,"minecraft:rotten_flesh":5,"regions_unexplored:maple_sapling":2,"minecraft:granite":16,"minecraft:diorite":9,"minecraft:oak_sapling":2,"blockus:marble":1,"minecraft:gold_nugget":1,"minecraft:paper":2,"twigs:twig":10},"minecraft:crafted":{"minecraft:oak_planks":92,"minecraft:crafting_table":2,"minecraft:wooden_pickaxe":1,"minecraft:air":0,"minecraft:iron_axe":1,"minecraft:stick":4,"minecraft:iron_ingot":10,"minecraft:iron_pickaxe":2,"minecraft:wooden_axe":2,"minecraft:torch":16},"minecraft:picked_up":{"modern_industrialization:lignite_coal":31,"modern_industrialization:raw_antimony":1,"create:raw_zinc":17,"minecraft:oak_log":28,"minecraft:lapis_lazuli":24,"minecraft:paper":1,"minecraft:moss_carpet":4,"blockus:marble":1,"minecraft:apple":1,"minecraft:wheat_seeds":2,"modern_industrialization:raw_uranium":5,"twigs:twig":10,"minecells:guts":1,"minecraft:stick":12,"minecraft:raw_iron":24,"modern_industrialization:raw_silver":5,"powah:uraninite_raw":5,"minecraft:diorite":9,"minecraft:rotten_flesh":5,"modern_industrialization:raw_nickel":17,"minecraft:diamond":8,"regions_unexplored:maple_sapling":2,"minecraft:granite":16,"regions_unexplored:maple_log":15,"minecraft:emerald":2,"modern_industrialization:raw_lead":12,"minecraft:oak_sapling":2,"minecraft:coal":41,"modern_industrialization:raw_tin":4,"minecraft:cobblestone":165},"minecraft:killed":{"minecraft:zombie":1},"minecraft:custom":{"minecraft:interact_with_furnace":7,"lootr:looted_stat":11,"minecraft:interact_with_anvil":1,"minecraft:mob_kills":2,"minecraft:interact_with_crafting_table":5,"minecraft:damage_dealt_resisted":0,"minecraft:leave_game":2,"minecraft:time_since_death":30449,"minecraft:time_since_rest":30479,"minecraft:sprint_one_cm":138228,"minecraft:damage_taken":2210,"minecraft:walk_one_cm":71517,"minecraft:drop":24,"minecraft:damage_dealt":399,"minecraft:talked_to_villager":25,"minecraft:fly_one_cm":127589,"minecraft:crouch_one_cm":7452,"minecraft:play_time":50470,"minecraft:deaths":8,"minecraft:sneak_time":2968,"minecraft:jump":608,"minecraft:walk_on_water_one_cm":249,"minecraft:total_world_time":50470,"minecraft:fall_one_cm":15632}},"DataVersion":3465}